{
	"swagger": "2.0",
	"info": {
		"description": "First Rest with Swagger",
		"version": "API Rest",
		"title": "My REST API",
		"termsOfService": "Terms of service",
		"contact": {
			"name": "johny",
			"url": "www.alljobalert.ooo",
			"email": "Man@company.com"
		},
		"license": {
			"name": "License of API",
			"url": "API license URL"
		}
	},
	"host": "localhost:1214",
	"basePath": "/",
	"tags": [
		{
			"name": "student-controller",
			"description": "Student Controller"
		}
	],
	"paths": {
		"/": {
			"get": {
				"tags": [
					"student-controller"
				],
				"summary": "formLoad",
				"operationId": "formLoadUsingGET",
				"produces": [
					"*/*"
				],
				"responses": {
					"200": {
						"description": "OK",
						"schema": {
							"type": "string"
						}
					},
					"401": {
						"description": "Unauthorized"
					},
					"403": {
						"description": "Forbidden"
					},
					"404": {
						"description": "Not Found"
					}
				},
				"deprecated": false
			},
			"head": {
				"tags": [
					"student-controller"
				],
				"summary": "formLoad",
				"operationId": "formLoadUsingHEAD",
				"consumes": [
					"application/json"
				],
				"produces": [
					"*/*"
				],
				"responses": {
					"200": {
						"description": "OK",
						"schema": {
							"type": "string"
						}
					},
					"204": {
						"description": "No Content"
					},
					"401": {
						"description": "Unauthorized"
					},
					"403": {
						"description": "Forbidden"
					}
				},
				"deprecated": false
			},
			"post": {
				"tags": [
					"student-controller"
				],
				"summary": "formLoad",
				"operationId": "formLoadUsingPOST",
				"consumes": [
					"application/json"
				],
				"produces": [
					"*/*"
				],
				"responses": {
					"200": {
						"description": "OK",
						"schema": {
							"type": "string"
						}
					},
					"201": {
						"description": "Created"
					},
					"401": {
						"description": "Unauthorized"
					},
					"403": {
						"description": "Forbidden"
					},
					"404": {
						"description": "Not Found"
					}
				},
				"deprecated": false
			},
			"put": {
				"tags": [
					"student-controller"
				],
				"summary": "formLoad",
				"operationId": "formLoadUsingPUT",
				"consumes": [
					"application/json"
				],
				"produces": [
					"*/*"
				],
				"responses": {
					"200": {
						"description": "OK",
						"schema": {
							"type": "string"
						}
					},
					"201": {
						"description": "Created"
					},
					"401": {
						"description": "Unauthorized"
					},
					"403": {
						"description": "Forbidden"
					},
					"404": {
						"description": "Not Found"
					}
				},
				"deprecated": false
			},
			"delete": {
				"tags": [
					"student-controller"
				],
				"summary": "formLoad",
				"operationId": "formLoadUsingDELETE",
				"produces": [
					"*/*"
				],
				"responses": {
					"200": {
						"description": "OK",
						"schema": {
							"type": "string"
						}
					},
					"204": {
						"description": "No Content"
					},
					"401": {
						"description": "Unauthorized"
					},
					"403": {
						"description": "Forbidden"
					}
				},
				"deprecated": false
			},
			"options": {
				"tags": [
					"student-controller"
				],
				"summary": "formLoad",
				"operationId": "formLoadUsingOPTIONS",
				"consumes": [
					"application/json"
				],
				"produces": [
					"*/*"
				],
				"responses": {
					"200": {
						"description": "OK",
						"schema": {
							"type": "string"
						}
					},
					"204": {
						"description": "No Content"
					},
					"401": {
						"description": "Unauthorized"
					},
					"403": {
						"description": "Forbidden"
					}
				},
				"deprecated": false
			},
			"patch": {
				"tags": [
					"student-controller"
				],
				"summary": "formLoad",
				"operationId": "formLoadUsingPATCH",
				"consumes": [
					"application/json"
				],
				"produces": [
					"*/*"
				],
				"responses": {
					"200": {
						"description": "OK",
						"schema": {
							"type": "string"
						}
					},
					"204": {
						"description": "No Content"
					},
					"401": {
						"description": "Unauthorized"
					},
					"403": {
						"description": "Forbidden"
					}
				},
				"deprecated": false
			}
		},
		"/deleteStudent": {
			"get": {
				"tags": [
					"student-controller"
				],
				"summary": "deleteDataById",
				"operationId": "deleteDataByIdUsingGET",
				"produces": [
					"*/*"
				],
				"parameters": [
					{
						"name": "id",
						"in": "query",
						"description": "id",
						"required": true,
						"type": "integer",
						"format": "int32"
					}
				],
				"responses": {
					"200": {
						"description": "OK",
						"schema": {
							"type": "string"
						}
					},
					"401": {
						"description": "Unauthorized"
					},
					"403": {
						"description": "Forbidden"
					},
					"404": {
						"description": "Not Found"
					}
				},
				"deprecated": false
			},
			"head": {
				"tags": [
					"student-controller"
				],
				"summary": "deleteDataById",
				"operationId": "deleteDataByIdUsingHEAD",
				"consumes": [
					"application/json"
				],
				"produces": [
					"*/*"
				],
				"parameters": [
					{
						"name": "id",
						"in": "query",
						"description": "id",
						"required": true,
						"type": "integer",
						"format": "int32"
					}
				],
				"responses": {
					"200": {
						"description": "OK",
						"schema": {
							"type": "string"
						}
					},
					"204": {
						"description": "No Content"
					},
					"401": {
						"description": "Unauthorized"
					},
					"403": {
						"description": "Forbidden"
					}
				},
				"deprecated": false
			},
			"post": {
				"tags": [
					"student-controller"
				],
				"summary": "deleteDataById",
				"operationId": "deleteDataByIdUsingPOST",
				"consumes": [
					"application/json"
				],
				"produces": [
					"*/*"
				],
				"parameters": [
					{
						"name": "id",
						"in": "query",
						"description": "id",
						"required": true,
						"type": "integer",
						"format": "int32"
					}
				],
				"responses": {
					"200": {
						"description": "OK",
						"schema": {
							"type": "string"
						}
					},
					"201": {
						"description": "Created"
					},
					"401": {
						"description": "Unauthorized"
					},
					"403": {
						"description": "Forbidden"
					},
					"404": {
						"description": "Not Found"
					}
				},
				"deprecated": false
			},
			"put": {
				"tags": [
					"student-controller"
				],
				"summary": "deleteDataById",
				"operationId": "deleteDataByIdUsingPUT",
				"consumes": [
					"application/json"
				],
				"produces": [
					"*/*"
				],
				"parameters": [
					{
						"name": "id",
						"in": "query",
						"description": "id",
						"required": true,
						"type": "integer",
						"format": "int32"
					}
				],
				"responses": {
					"200": {
						"description": "OK",
						"schema": {
							"type": "string"
						}
					},
					"201": {
						"description": "Created"
					},
					"401": {
						"description": "Unauthorized"
					},
					"403": {
						"description": "Forbidden"
					},
					"404": {
						"description": "Not Found"
					}
				},
				"deprecated": false
			},
			"delete": {
				"tags": [
					"student-controller"
				],
				"summary": "deleteDataById",
				"operationId": "deleteDataByIdUsingDELETE",
				"produces": [
					"*/*"
				],
				"parameters": [
					{
						"name": "id",
						"in": "query",
						"description": "id",
						"required": true,
						"type": "integer",
						"format": "int32"
					}
				],
				"responses": {
					"200": {
						"description": "OK",
						"schema": {
							"type": "string"
						}
					},
					"204": {
						"description": "No Content"
					},
					"401": {
						"description": "Unauthorized"
					},
					"403": {
						"description": "Forbidden"
					}
				},
				"deprecated": false
			},
			"options": {
				"tags": [
					"student-controller"
				],
				"summary": "deleteDataById",
				"operationId": "deleteDataByIdUsingOPTIONS",
				"consumes": [
					"application/json"
				],
				"produces": [
					"*/*"
				],
				"parameters": [
					{
						"name": "id",
						"in": "query",
						"description": "id",
						"required": true,
						"type": "integer",
						"format": "int32"
					}
				],
				"responses": {
					"200": {
						"description": "OK",
						"schema": {
							"type": "string"
						}
					},
					"204": {
						"description": "No Content"
					},
					"401": {
						"description": "Unauthorized"
					},
					"403": {
						"description": "Forbidden"
					}
				},
				"deprecated": false
			},
			"patch": {
				"tags": [
					"student-controller"
				],
				"summary": "deleteDataById",
				"operationId": "deleteDataByIdUsingPATCH",
				"consumes": [
					"application/json"
				],
				"produces": [
					"*/*"
				],
				"parameters": [
					{
						"name": "id",
						"in": "query",
						"description": "id",
						"required": true,
						"type": "integer",
						"format": "int32"
					}
				],
				"responses": {
					"200": {
						"description": "OK",
						"schema": {
							"type": "string"
						}
					},
					"204": {
						"description": "No Content"
					},
					"401": {
						"description": "Unauthorized"
					},
					"403": {
						"description": "Forbidden"
					}
				},
				"deprecated": false
			}
		},
		"/editStudent": {
			"get": {
				"tags": [
					"student-controller"
				],
				"summary": "editData",
				"operationId": "editDataUsingGET",
				"produces": [
					"*/*"
				],
				"parameters": [
					{
						"name": "sid",
						"in": "query",
						"description": "sid",
						"required": true,
						"type": "integer",
						"format": "int32"
					}
				],
				"responses": {
					"200": {
						"description": "OK",
						"schema": {
							"type": "string"
						}
					},
					"401": {
						"description": "Unauthorized"
					},
					"403": {
						"description": "Forbidden"
					},
					"404": {
						"description": "Not Found"
					}
				},
				"deprecated": false
			},
			"head": {
				"tags": [
					"student-controller"
				],
				"summary": "editData",
				"operationId": "editDataUsingHEAD",
				"consumes": [
					"application/json"
				],
				"produces": [
					"*/*"
				],
				"parameters": [
					{
						"name": "sid",
						"in": "query",
						"description": "sid",
						"required": true,
						"type": "integer",
						"format": "int32"
					}
				],
				"responses": {
					"200": {
						"description": "OK",
						"schema": {
							"type": "string"
						}
					},
					"204": {
						"description": "No Content"
					},
					"401": {
						"description": "Unauthorized"
					},
					"403": {
						"description": "Forbidden"
					}
				},
				"deprecated": false
			},
			"post": {
				"tags": [
					"student-controller"
				],
				"summary": "editData",
				"operationId": "editDataUsingPOST",
				"consumes": [
					"application/json"
				],
				"produces": [
					"*/*"
				],
				"parameters": [
					{
						"name": "sid",
						"in": "query",
						"description": "sid",
						"required": true,
						"type": "integer",
						"format": "int32"
					}
				],
				"responses": {
					"200": {
						"description": "OK",
						"schema": {
							"type": "string"
						}
					},
					"201": {
						"description": "Created"
					},
					"401": {
						"description": "Unauthorized"
					},
					"403": {
						"description": "Forbidden"
					},
					"404": {
						"description": "Not Found"
					}
				},
				"deprecated": false
			},
			"put": {
				"tags": [
					"student-controller"
				],
				"summary": "editData",
				"operationId": "editDataUsingPUT",
				"consumes": [
					"application/json"
				],
				"produces": [
					"*/*"
				],
				"parameters": [
					{
						"name": "sid",
						"in": "query",
						"description": "sid",
						"required": true,
						"type": "integer",
						"format": "int32"
					}
				],
				"responses": {
					"200": {
						"description": "OK",
						"schema": {
							"type": "string"
						}
					},
					"201": {
						"description": "Created"
					},
					"401": {
						"description": "Unauthorized"
					},
					"403": {
						"description": "Forbidden"
					},
					"404": {
						"description": "Not Found"
					}
				},
				"deprecated": false
			},
			"delete": {
				"tags": [
					"student-controller"
				],
				"summary": "editData",
				"operationId": "editDataUsingDELETE",
				"produces": [
					"*/*"
				],
				"parameters": [
					{
						"name": "sid",
						"in": "query",
						"description": "sid",
						"required": true,
						"type": "integer",
						"format": "int32"
					}
				],
				"responses": {
					"200": {
						"description": "OK",
						"schema": {
							"type": "string"
						}
					},
					"204": {
						"description": "No Content"
					},
					"401": {
						"description": "Unauthorized"
					},
					"403": {
						"description": "Forbidden"
					}
				},
				"deprecated": false
			},
			"options": {
				"tags": [
					"student-controller"
				],
				"summary": "editData",
				"operationId": "editDataUsingOPTIONS",
				"consumes": [
					"application/json"
				],
				"produces": [
					"*/*"
				],
				"parameters": [
					{
						"name": "sid",
						"in": "query",
						"description": "sid",
						"required": true,
						"type": "integer",
						"format": "int32"
					}
				],
				"responses": {
					"200": {
						"description": "OK",
						"schema": {
							"type": "string"
						}
					},
					"204": {
						"description": "No Content"
					},
					"401": {
						"description": "Unauthorized"
					},
					"403": {
						"description": "Forbidden"
					}
				},
				"deprecated": false
			},
			"patch": {
				"tags": [
					"student-controller"
				],
				"summary": "editData",
				"operationId": "editDataUsingPATCH",
				"consumes": [
					"application/json"
				],
				"produces": [
					"*/*"
				],
				"parameters": [
					{
						"name": "sid",
						"in": "query",
						"description": "sid",
						"required": true,
						"type": "integer",
						"format": "int32"
					}
				],
				"responses": {
					"200": {
						"description": "OK",
						"schema": {
							"type": "string"
						}
					},
					"204": {
						"description": "No Content"
					},
					"401": {
						"description": "Unauthorized"
					},
					"403": {
						"description": "Forbidden"
					}
				},
				"deprecated": false
			}
		},
		"/getEmailById": {
			"get": {
				"tags": [
					"student-controller"
				],
				"summary": "getEmailById",
				"operationId": "getEmailByIdUsingGET",
				"produces": [
					"*/*"
				],
				"parameters": [
					{
						"name": "uid",
						"in": "query",
						"description": "uid",
						"required": true,
						"type": "integer",
						"format": "int32"
					}
				],
				"responses": {
					"200": {
						"description": "OK",
						"schema": {
							"type": "string"
						}
					},
					"401": {
						"description": "Unauthorized"
					},
					"403": {
						"description": "Forbidden"
					},
					"404": {
						"description": "Not Found"
					}
				},
				"deprecated": false
			},
			"head": {
				"tags": [
					"student-controller"
				],
				"summary": "getEmailById",
				"operationId": "getEmailByIdUsingHEAD",
				"consumes": [
					"application/json"
				],
				"produces": [
					"*/*"
				],
				"parameters": [
					{
						"name": "uid",
						"in": "query",
						"description": "uid",
						"required": true,
						"type": "integer",
						"format": "int32"
					}
				],
				"responses": {
					"200": {
						"description": "OK",
						"schema": {
							"type": "string"
						}
					},
					"204": {
						"description": "No Content"
					},
					"401": {
						"description": "Unauthorized"
					},
					"403": {
						"description": "Forbidden"
					}
				},
				"deprecated": false
			},
			"post": {
				"tags": [
					"student-controller"
				],
				"summary": "getEmailById",
				"operationId": "getEmailByIdUsingPOST",
				"consumes": [
					"application/json"
				],
				"produces": [
					"*/*"
				],
				"parameters": [
					{
						"name": "uid",
						"in": "query",
						"description": "uid",
						"required": true,
						"type": "integer",
						"format": "int32"
					}
				],
				"responses": {
					"200": {
						"description": "OK",
						"schema": {
							"type": "string"
						}
					},
					"201": {
						"description": "Created"
					},
					"401": {
						"description": "Unauthorized"
					},
					"403": {
						"description": "Forbidden"
					},
					"404": {
						"description": "Not Found"
					}
				},
				"deprecated": false
			},
			"put": {
				"tags": [
					"student-controller"
				],
				"summary": "getEmailById",
				"operationId": "getEmailByIdUsingPUT",
				"consumes": [
					"application/json"
				],
				"produces": [
					"*/*"
				],
				"parameters": [
					{
						"name": "uid",
						"in": "query",
						"description": "uid",
						"required": true,
						"type": "integer",
						"format": "int32"
					}
				],
				"responses": {
					"200": {
						"description": "OK",
						"schema": {
							"type": "string"
						}
					},
					"201": {
						"description": "Created"
					},
					"401": {
						"description": "Unauthorized"
					},
					"403": {
						"description": "Forbidden"
					},
					"404": {
						"description": "Not Found"
					}
				},
				"deprecated": false
			},
			"delete": {
				"tags": [
					"student-controller"
				],
				"summary": "getEmailById",
				"operationId": "getEmailByIdUsingDELETE",
				"produces": [
					"*/*"
				],
				"parameters": [
					{
						"name": "uid",
						"in": "query",
						"description": "uid",
						"required": true,
						"type": "integer",
						"format": "int32"
					}
				],
				"responses": {
					"200": {
						"description": "OK",
						"schema": {
							"type": "string"
						}
					},
					"204": {
						"description": "No Content"
					},
					"401": {
						"description": "Unauthorized"
					},
					"403": {
						"description": "Forbidden"
					}
				},
				"deprecated": false
			},
			"options": {
				"tags": [
					"student-controller"
				],
				"summary": "getEmailById",
				"operationId": "getEmailByIdUsingOPTIONS",
				"consumes": [
					"application/json"
				],
				"produces": [
					"*/*"
				],
				"parameters": [
					{
						"name": "uid",
						"in": "query",
						"description": "uid",
						"required": true,
						"type": "integer",
						"format": "int32"
					}
				],
				"responses": {
					"200": {
						"description": "OK",
						"schema": {
							"type": "string"
						}
					},
					"204": {
						"description": "No Content"
					},
					"401": {
						"description": "Unauthorized"
					},
					"403": {
						"description": "Forbidden"
					}
				},
				"deprecated": false
			},
			"patch": {
				"tags": [
					"student-controller"
				],
				"summary": "getEmailById",
				"operationId": "getEmailByIdUsingPATCH",
				"consumes": [
					"application/json"
				],
				"produces": [
					"*/*"
				],
				"parameters": [
					{
						"name": "uid",
						"in": "query",
						"description": "uid",
						"required": true,
						"type": "integer",
						"format": "int32"
					}
				],
				"responses": {
					"200": {
						"description": "OK",
						"schema": {
							"type": "string"
						}
					},
					"204": {
						"description": "No Content"
					},
					"401": {
						"description": "Unauthorized"
					},
					"403": {
						"description": "Forbidden"
					}
				},
				"deprecated": false
			}
		},
		"/getEmails": {
			"get": {
				"tags": [
					"student-controller"
				],
				"summary": "getAllEmails",
				"operationId": "getAllEmailsUsingGET",
				"produces": [
					"*/*"
				],
				"responses": {
					"200": {
						"description": "OK",
						"schema": {
							"type": "array",
							"items": {
								"type": "string"
							}
						}
					},
					"401": {
						"description": "Unauthorized"
					},
					"403": {
						"description": "Forbidden"
					},
					"404": {
						"description": "Not Found"
					}
				},
				"deprecated": false
			}
		},
		"/register": {
			"get": {
				"tags": [
					"student-controller"
				],
				"summary": "formLoad",
				"operationId": "formLoadUsingGET_1",
				"produces": [
					"*/*"
				],
				"responses": {
					"200": {
						"description": "OK",
						"schema": {
							"type": "string"
						}
					},
					"401": {
						"description": "Unauthorized"
					},
					"403": {
						"description": "Forbidden"
					},
					"404": {
						"description": "Not Found"
					}
				},
				"deprecated": false
			},
			"head": {
				"tags": [
					"student-controller"
				],
				"summary": "formLoad",
				"operationId": "formLoadUsingHEAD_1",
				"consumes": [
					"application/json"
				],
				"produces": [
					"*/*"
				],
				"responses": {
					"200": {
						"description": "OK",
						"schema": {
							"type": "string"
						}
					},
					"204": {
						"description": "No Content"
					},
					"401": {
						"description": "Unauthorized"
					},
					"403": {
						"description": "Forbidden"
					}
				},
				"deprecated": false
			},
			"post": {
				"tags": [
					"student-controller"
				],
				"summary": "formSave",
				"operationId": "formSaveUsingPOST",
				"consumes": [
					"application/json"
				],
				"produces": [
					"*/*"
				],
				"parameters": [
					{
						"name": "active",
						"in": "query",
						"required": false,
						"type": "boolean"
					},
					{
						"name": "email",
						"in": "query",
						"required": false,
						"type": "string"
					},
					{
						"name": "flashAttributes",
						"in": "query",
						"required": false,
						"type": "object"
					},
					{
						"name": "id",
						"in": "query",
						"required": false,
						"type": "integer",
						"format": "int32"
					},
					{
						"name": "name",
						"in": "query",
						"required": false,
						"type": "string"
					},
					{
						"name": "password",
						"in": "query",
						"required": false,
						"type": "string"
					},
					{
						"name": "phno",
						"in": "query",
						"required": false,
						"type": "integer",
						"format": "int64"
					}
				],
				"responses": {
					"200": {
						"description": "OK",
						"schema": {
							"type": "string"
						}
					},
					"201": {
						"description": "Created"
					},
					"401": {
						"description": "Unauthorized"
					},
					"403": {
						"description": "Forbidden"
					},
					"404": {
						"description": "Not Found"
					}
				},
				"deprecated": false
			},
			"put": {
				"tags": [
					"student-controller"
				],
				"summary": "formLoad",
				"operationId": "formLoadUsingPUT_1",
				"consumes": [
					"application/json"
				],
				"produces": [
					"*/*"
				],
				"responses": {
					"200": {
						"description": "OK",
						"schema": {
							"type": "string"
						}
					},
					"201": {
						"description": "Created"
					},
					"401": {
						"description": "Unauthorized"
					},
					"403": {
						"description": "Forbidden"
					},
					"404": {
						"description": "Not Found"
					}
				},
				"deprecated": false
			},
			"delete": {
				"tags": [
					"student-controller"
				],
				"summary": "formLoad",
				"operationId": "formLoadUsingDELETE_1",
				"produces": [
					"*/*"
				],
				"responses": {
					"200": {
						"description": "OK",
						"schema": {
							"type": "string"
						}
					},
					"204": {
						"description": "No Content"
					},
					"401": {
						"description": "Unauthorized"
					},
					"403": {
						"description": "Forbidden"
					}
				},
				"deprecated": false
			},
			"options": {
				"tags": [
					"student-controller"
				],
				"summary": "formLoad",
				"operationId": "formLoadUsingOPTIONS_1",
				"consumes": [
					"application/json"
				],
				"produces": [
					"*/*"
				],
				"responses": {
					"200": {
						"description": "OK",
						"schema": {
							"type": "string"
						}
					},
					"204": {
						"description": "No Content"
					},
					"401": {
						"description": "Unauthorized"
					},
					"403": {
						"description": "Forbidden"
					}
				},
				"deprecated": false
			},
			"patch": {
				"tags": [
					"student-controller"
				],
				"summary": "formLoad",
				"operationId": "formLoadUsingPATCH_1",
				"consumes": [
					"application/json"
				],
				"produces": [
					"*/*"
				],
				"responses": {
					"200": {
						"description": "OK",
						"schema": {
							"type": "string"
						}
					},
					"204": {
						"description": "No Content"
					},
					"401": {
						"description": "Unauthorized"
					},
					"403": {
						"description": "Forbidden"
					}
				},
				"deprecated": false
			}
		},
		"/registerstopdblpostreq": {
			"get": {
				"tags": [
					"student-controller"
				],
				"summary": "fromDblPostingRedirect",
				"operationId": "fromDblPostingRedirectUsingGET",
				"produces": [
					"*/*"
				],
				"parameters": [
					{
						"name": "active",
						"in": "query",
						"required": false,
						"type": "boolean"
					},
					{
						"name": "email",
						"in": "query",
						"required": false,
						"type": "string"
					},
					{
						"name": "id",
						"in": "query",
						"required": false,
						"type": "integer",
						"format": "int32"
					},
					{
						"name": "name",
						"in": "query",
						"required": false,
						"type": "string"
					},
					{
						"name": "password",
						"in": "query",
						"required": false,
						"type": "string"
					},
					{
						"name": "phno",
						"in": "query",
						"required": false,
						"type": "integer",
						"format": "int64"
					}
				],
				"responses": {
					"200": {
						"description": "OK",
						"schema": {
							"type": "string"
						}
					},
					"401": {
						"description": "Unauthorized"
					},
					"403": {
						"description": "Forbidden"
					},
					"404": {
						"description": "Not Found"
					}
				},
				"deprecated": false
			},
			"head": {
				"tags": [
					"student-controller"
				],
				"summary": "fromDblPostingRedirect",
				"operationId": "fromDblPostingRedirectUsingHEAD",
				"consumes": [
					"application/json"
				],
				"produces": [
					"*/*"
				],
				"parameters": [
					{
						"name": "active",
						"in": "query",
						"required": false,
						"type": "boolean"
					},
					{
						"name": "email",
						"in": "query",
						"required": false,
						"type": "string"
					},
					{
						"name": "id",
						"in": "query",
						"required": false,
						"type": "integer",
						"format": "int32"
					},
					{
						"name": "name",
						"in": "query",
						"required": false,
						"type": "string"
					},
					{
						"name": "password",
						"in": "query",
						"required": false,
						"type": "string"
					},
					{
						"name": "phno",
						"in": "query",
						"required": false,
						"type": "integer",
						"format": "int64"
					}
				],
				"responses": {
					"200": {
						"description": "OK",
						"schema": {
							"type": "string"
						}
					},
					"204": {
						"description": "No Content"
					},
					"401": {
						"description": "Unauthorized"
					},
					"403": {
						"description": "Forbidden"
					}
				},
				"deprecated": false
			},
			"post": {
				"tags": [
					"student-controller"
				],
				"summary": "fromDblPostingRedirect",
				"operationId": "fromDblPostingRedirectUsingPOST",
				"consumes": [
					"application/json"
				],
				"produces": [
					"*/*"
				],
				"parameters": [
					{
						"name": "active",
						"in": "query",
						"required": false,
						"type": "boolean"
					},
					{
						"name": "email",
						"in": "query",
						"required": false,
						"type": "string"
					},
					{
						"name": "id",
						"in": "query",
						"required": false,
						"type": "integer",
						"format": "int32"
					},
					{
						"name": "name",
						"in": "query",
						"required": false,
						"type": "string"
					},
					{
						"name": "password",
						"in": "query",
						"required": false,
						"type": "string"
					},
					{
						"name": "phno",
						"in": "query",
						"required": false,
						"type": "integer",
						"format": "int64"
					}
				],
				"responses": {
					"200": {
						"description": "OK",
						"schema": {
							"type": "string"
						}
					},
					"201": {
						"description": "Created"
					},
					"401": {
						"description": "Unauthorized"
					},
					"403": {
						"description": "Forbidden"
					},
					"404": {
						"description": "Not Found"
					}
				},
				"deprecated": false
			},
			"put": {
				"tags": [
					"student-controller"
				],
				"summary": "fromDblPostingRedirect",
				"operationId": "fromDblPostingRedirectUsingPUT",
				"consumes": [
					"application/json"
				],
				"produces": [
					"*/*"
				],
				"parameters": [
					{
						"name": "active",
						"in": "query",
						"required": false,
						"type": "boolean"
					},
					{
						"name": "email",
						"in": "query",
						"required": false,
						"type": "string"
					},
					{
						"name": "id",
						"in": "query",
						"required": false,
						"type": "integer",
						"format": "int32"
					},
					{
						"name": "name",
						"in": "query",
						"required": false,
						"type": "string"
					},
					{
						"name": "password",
						"in": "query",
						"required": false,
						"type": "string"
					},
					{
						"name": "phno",
						"in": "query",
						"required": false,
						"type": "integer",
						"format": "int64"
					}
				],
				"responses": {
					"200": {
						"description": "OK",
						"schema": {
							"type": "string"
						}
					},
					"201": {
						"description": "Created"
					},
					"401": {
						"description": "Unauthorized"
					},
					"403": {
						"description": "Forbidden"
					},
					"404": {
						"description": "Not Found"
					}
				},
				"deprecated": false
			},
			"delete": {
				"tags": [
					"student-controller"
				],
				"summary": "fromDblPostingRedirect",
				"operationId": "fromDblPostingRedirectUsingDELETE",
				"produces": [
					"*/*"
				],
				"parameters": [
					{
						"name": "active",
						"in": "query",
						"required": false,
						"type": "boolean"
					},
					{
						"name": "email",
						"in": "query",
						"required": false,
						"type": "string"
					},
					{
						"name": "id",
						"in": "query",
						"required": false,
						"type": "integer",
						"format": "int32"
					},
					{
						"name": "name",
						"in": "query",
						"required": false,
						"type": "string"
					},
					{
						"name": "password",
						"in": "query",
						"required": false,
						"type": "string"
					},
					{
						"name": "phno",
						"in": "query",
						"required": false,
						"type": "integer",
						"format": "int64"
					}
				],
				"responses": {
					"200": {
						"description": "OK",
						"schema": {
							"type": "string"
						}
					},
					"204": {
						"description": "No Content"
					},
					"401": {
						"description": "Unauthorized"
					},
					"403": {
						"description": "Forbidden"
					}
				},
				"deprecated": false
			},
			"options": {
				"tags": [
					"student-controller"
				],
				"summary": "fromDblPostingRedirect",
				"operationId": "fromDblPostingRedirectUsingOPTIONS",
				"consumes": [
					"application/json"
				],
				"produces": [
					"*/*"
				],
				"parameters": [
					{
						"name": "active",
						"in": "query",
						"required": false,
						"type": "boolean"
					},
					{
						"name": "email",
						"in": "query",
						"required": false,
						"type": "string"
					},
					{
						"name": "id",
						"in": "query",
						"required": false,
						"type": "integer",
						"format": "int32"
					},
					{
						"name": "name",
						"in": "query",
						"required": false,
						"type": "string"
					},
					{
						"name": "password",
						"in": "query",
						"required": false,
						"type": "string"
					},
					{
						"name": "phno",
						"in": "query",
						"required": false,
						"type": "integer",
						"format": "int64"
					}
				],
				"responses": {
					"200": {
						"description": "OK",
						"schema": {
							"type": "string"
						}
					},
					"204": {
						"description": "No Content"
					},
					"401": {
						"description": "Unauthorized"
					},
					"403": {
						"description": "Forbidden"
					}
				},
				"deprecated": false
			},
			"patch": {
				"tags": [
					"student-controller"
				],
				"summary": "fromDblPostingRedirect",
				"operationId": "fromDblPostingRedirectUsingPATCH",
				"consumes": [
					"application/json"
				],
				"produces": [
					"*/*"
				],
				"parameters": [
					{
						"name": "active",
						"in": "query",
						"required": false,
						"type": "boolean"
					},
					{
						"name": "email",
						"in": "query",
						"required": false,
						"type": "string"
					},
					{
						"name": "id",
						"in": "query",
						"required": false,
						"type": "integer",
						"format": "int32"
					},
					{
						"name": "name",
						"in": "query",
						"required": false,
						"type": "string"
					},
					{
						"name": "password",
						"in": "query",
						"required": false,
						"type": "string"
					},
					{
						"name": "phno",
						"in": "query",
						"required": false,
						"type": "integer",
						"format": "int64"
					}
				],
				"responses": {
					"200": {
						"description": "OK",
						"schema": {
							"type": "string"
						}
					},
					"204": {
						"description": "No Content"
					},
					"401": {
						"description": "Unauthorized"
					},
					"403": {
						"description": "Forbidden"
					}
				},
				"deprecated": false
			}
		},
		"/update": {
			"post": {
				"tags": [
					"student-controller"
				],
				"summary": "updateData",
				"operationId": "updateDataUsingPOST",
				"consumes": [
					"application/json"
				],
				"produces": [
					"*/*"
				],
				"parameters": [
					{
						"name": "active",
						"in": "query",
						"required": false,
						"type": "boolean"
					},
					{
						"name": "email",
						"in": "query",
						"required": false,
						"type": "string"
					},
					{
						"name": "id",
						"in": "query",
						"required": false,
						"type": "integer",
						"format": "int32"
					},
					{
						"name": "name",
						"in": "query",
						"required": false,
						"type": "string"
					},
					{
						"name": "password",
						"in": "query",
						"required": false,
						"type": "string"
					},
					{
						"name": "phno",
						"in": "query",
						"required": false,
						"type": "integer",
						"format": "int64"
					},
					{
						"name": "sid",
						"in": "query",
						"description": "sid",
						"required": true,
						"type": "integer",
						"format": "int32"
					}
				],
				"responses": {
					"200": {
						"description": "OK",
						"schema": {
							"type": "string"
						}
					},
					"201": {
						"description": "Created"
					},
					"401": {
						"description": "Unauthorized"
					},
					"403": {
						"description": "Forbidden"
					},
					"404": {
						"description": "Not Found"
					}
				},
				"deprecated": false
			}
		},
		"/viewStudent1": {
			"get": {
				"tags": [
					"student-controller"
				],
				"summary": "viewStudentData1",
				"operationId": "viewStudentData1UsingGET",
				"produces": [
					"*/*"
				],
				"parameters": [
					{
						"name": "pn",
						"in": "query",
						"description": "pn",
						"required": true,
						"type": "integer",
						"format": "int32"
					}
				],
				"responses": {
					"200": {
						"description": "OK",
						"schema": {
							"type": "string"
						}
					},
					"401": {
						"description": "Unauthorized"
					},
					"403": {
						"description": "Forbidden"
					},
					"404": {
						"description": "Not Found"
					}
				},
				"deprecated": false
			}
		}
	}
}